"date","h1","h2","h3","h4","h5","h6","h7","h8","h9","h10","h11","h12","h13","h14","h15","h16","h17","h18","h19","h20","h21","h22","h23","h24"
"2022-01-01",NA,NA,NA,NA,NA,NA,NA,99.99,67.99,95,135.8,150.7,155.72,147.09,100,155,169.78,203.1,205.83,214.66,214.66,203,180,NA
"2022-01-02",NA,142.85,140.6,100,140.6,141.93,147.09,NA,152.59,155.72,167.98,175.08,189.58,169.69,155.72,167.75,194.21,245,225.19,216.29,NA,178.41,154.44,144.79
"2022-01-03",127,127,84.62,83.27,85,84.5,164.46,202.03,212,232,239.51,212.22,202.03,199.89,207.16,265,270,300,NA,NA,NA,199.08,170,161.01
"2022-01-04",150.55,140.6,113.29,105.80926,105,120,156.91,182.64315,200,192.8,189.88,182.42,182.46,179.59261,179,180.93289,192.27,201.21,NA,NA,170.84,161.3,156.8,145.6
"2022-01-05",142.6,105.1,84.5,75.38,79.10927,94.79055,181.41,215.98,218.95,226.52,224.44677,217.92,205,214.9,217.92,226.52,226.52,265,265,265,241.93,218.95,207.46376,NA
"2022-01-06",207.14604,195,NA,180.7,170.1,194.38268,204.22,228.25497,236.23,247.1,245.24,231.90025,226,220,216.05934,230.77,245.95497,274.10735,273.43744,278.36,251.70998,229.96,227.46,212.02
"2022-01-07",213.47,208.63,204.35,203.91,202.54,205.17,229.22,240,254.18787,257.2434,254.18106,241.21687,240.2,229.53,233.49,237.08,239,266.86,NA,NA,NA,236.04,229,207.49
"2022-01-08",NA,NA,NA,NA,NA,NA,NA,228.77,238.11,239,242.93,231.02,223.33,215.72,215.49,230,242.67397,290,300,294.96,283,241.77,233.56,NA
"2022-01-09",215,204.01,197.61,191,182,172,176.33,187.66,190.66,194.36,215,218.9,218.34,210.47,213.06,223.35,225.55,257.35,269.6,269.36,242.08,222.8,218.34,203.8
"2022-01-10",196.23,191.84562,195.90908,186.66,178.03798,192.15,237.44,299.95241,NA,NA,NA,NA,NA,NA,NA,NA,NA,NA,NA,NA,NA,NA,NA,198.93
"2022-01-11",NA,NA,NA,NA,NA,NA,NA,NA,NA,NA,NA,NA,NA,NA,NA,NA,NA,NA,NA,NA,NA,NA,NA,NA
"2022-01-12",196.65,187.1,184.27,NA,178.33,193.50262,236.76258,NA,NA,NA,NA,NA,NA,NA,NA,240.00793,NA,NA,285.96912,269.02943,246.9,222.79,213.64,200.22
"2022-01-13",192.24,188.72,187.87,186.57,188,198.24,212.18,236.26,252.39,NA,NA,NA,NA,NA,NA,221.65,243.43977,266.3,274,262.95,246.26997,230.1,217.03,207.99
"2022-01-14",NA,NA,NA,NA,NA,NA,NA,259.24,NA,NA,NA,NA,NA,NA,NA,220,238.05225,262,280.66897,269,243.06986,225.61,216.68,NA
"2022-01-15",222.00509,214.92,209.61,196.69906,193.04061,195.04906,210,217.21,223.76,NA,NA,NA,NA,NA,NA,213.97938,226.32,260,267.0254,261.40574,243.62374,227.85,222.66,217
"2022-01-16",225.92,216,207.62,197.22423,186.7,186.6,198.01,200.02512,200,204.86,204.49563,204.42851,205.21,195.02,191.9,196.92,213.05,222.87,257.44723,265.36,257.12866,241.9,228.52,206
"2022-01-17",229,211.8,199.82,197.7,200,222.78124,237.3,258.9,NA,NA,NA,NA,NA,NA,NA,256.99245,264.73489,276.49175,299.02985,288.6894,260,233.77,230.13,218.85
"2022-01-18",213.90038,203.27,200.4764,194.52,193.99,205,NA,NA,NA,NA,NA,NA,NA,NA,NA,249.21928,NA,278,294.36407,278.41078,259.29,NA,225.84138,213.54
"2022-01-19",199.46,197,195,193.90712,188.7,195.35782,NA,NA,NA,NA,NA,NA,NA,NA,NA,235.30957,250,270,282.70499,273.88863,254.21,NA,208.8,191.08651
"2022-01-20",NA,185.18,179.53,171.43,168.18,181.5,NA,NA,NA,NA,NA,NA,NA,NA,NA,NA,NA,248.5076,265,265.45,NA,220.55913,NA,196.8
"2022-01-21",197.6,187,183.14,182.07,182.3,NA,211.67992,NA,NA,NA,NA,NA,NA,NA,NA,201.21,220,249.43,266,260.29,233.1,221.96674,NA,NA
"2022-01-22",198.3,189.19655,187.20824,178.71517,176.04383,176.35,190.29,213.65,233.83,220.31,217.6,209.66018,201,189.13,189.99,196.5,197,222.30956,240,245.26871,227.7472,211.88,202.1,197
"2022-01-23",197.14,190,187.9777,179.73,179.04,179.49,189.89,189.99,190,195.31,195.34,195.87,195.41,186.29,184.49,190,194,214.95,239.48564,244.3139,224.96452,204.84,201,187.68
"2022-01-24",190.27,179.61,178.3,177.45617,177.61,190,224.82937,265,300.02224,NA,NA,NA,NA,NA,NA,NA,NA,NA,341.85,315.31125,274.98441,250,228.79992,208.92568
"2022-01-25",220.27,212.9,203.75216,196.24,198.89136,215.00505,NA,NA,NA,NA,NA,NA,NA,NA,NA,NA,NA,NA,NA,NA,306.78774,262.03,238.82025,215
"2022-01-26",244.86,235,231.86,228,225.01,233.16,NA,NA,361.92,344.27728,NA,NA,NA,NA,NA,259.36488,274.28,301.47911,343,313.79259,291.62791,251.77,242.77,238.7
"2022-01-27",238.4,231.45,229,223.07922,221.36,230,NA,NA,NA,NA,NA,NA,NA,NA,NA,NA,NA,NA,321,308.03225,285.11322,240.16,239,223.61975
"2022-01-28",232.13467,220,216.95373,217.26377,214.81,220.73475,253.89999,305.57831,327.68478,310,293.07912,270,256.78757,NA,242.91,272.63809,290,NA,330,300.63,250,242.74,232.13,217.99
"2022-01-29",231.7,224.83,216.53,212.62,212,215.13,234.05,248.38523,267.88,NA,NA,NA,NA,NA,NA,NA,NA,NA,330.04,331,280,249.09997,233.66,227.12
"2022-01-30",227.12,220.58,216,207.63443,206.5,211.34,214,223,218,223.62,215.82,206,200,195.14,197.94,209.03,220,229,261.5,263.3862,234.05,224.9,221.25797,203.38
"2022-01-31",208.73715,199.88,193.43,193.21,194,200.95,228,243.4,259.72,253.9,NA,NA,NA,NA,NA,NA,253.9,NA,NA,NA,252.22,NA,NA,NA
"2022-02-01",NA,NA,NA,NA,NA,NA,NA,NA,NA,NA,NA,NA,NA,NA,NA,NA,NA,NA,NA,NA,NA,NA,228.11,NA
"2022-02-02",NA,NA,NA,NA,NA,NA,NA,NA,NA,NA,NA,NA,NA,NA,NA,NA,229.2,NA,266.9,265,237,205.01,198.66,190.1
"2022-02-03",188.96,181.56,181.56,177.43,178.99,184.39,198.28,232.74195,246,231.78511,NA,NA,NA,192.68,198.28,209.67,239.91,274.99,275.56143,265,NA,NA,204.88,194.74
"2022-02-04",189.1,181.32,179.34,179.34,181.2,190.4,220,250.26,NA,NA,NA,NA,NA,NA,NA,NA,242.14,278.99991,302.59,280,NA,211.74,204.74,193.99
"2022-02-05",214.56,206.89,199.61,196.94,199.61,206.89,215.86,247.47558,NA,NA,NA,NA,NA,NA,190.25,202.39,208.56,235,262.58,279.04,247.87,208.56,208.3,193.77
"2022-02-06",208.56,202.81,192.39,190.87,190.87,196,206.89,208.56,210,208.65,206.89,208,198.82,189.37,190.33,197.12,208.3,216.33,250,247.53,216.33,204.62,198.9,186.8
"2022-02-07",178,172,168.74,154.94151,162.45,176,NA,NA,NA,NA,NA,NA,NA,NA,NA,NA,NA,NA,NA,NA,NA,210.77085,201.30484,NA
"2022-02-08",184,179.88082,174.68,170.88491,177.87687,183.62,206,240.11,NA,NA,NA,NA,NA,NA,NA,NA,NA,NA,243.8,NA,239.00922,214.5,208.28,200.57
"2022-02-09",195,187.38,185,183.85,185,191.07,218,NA,NA,NA,NA,NA,NA,NA,197.57,212,233.41,261.34,307.25,301.69,246,NA,217.73521,208.3
"2022-02-10",200.99157,192.61,185.09768,184.27,188.08,202,214.2,238.52,255,230.16,NA,NA,NA,186,196.78,205.92,224.69,236.34,261.7,258.09,235.01,NA,NA,195.71
"2022-02-11",196.17,186.7,184,184.22,186.49,196.17,214.45,234.96,247,NA,NA,NA,NA,NA,NA,209.94,227.84,259.1,294,289,234.84,216,NA,197.89
"2022-02-12",195.909,187.2,184.89,170.24,167.56,168.38,184.74,207.43,210.89,211.17,203.23,184.74,179.99,171,168.39264,169.05,184.4,194.89,215,231.55,213,202.14,199.67,190.37
"2022-02-13",196.9,186.52,184.30203,175.76,173.06,178.54,189.33,199.95,192,191.69,185.5,178.53,174.83,167.37,167.37,180.12,201.99,218.96,245,265.30722,242.99997,226.44,210.86,199.95
"2022-02-14",180.12,174.05,171.64,170.2,171.64,182.72,206.4,225,253.98,NA,NA,NA,NA,NA,NA,NA,217.26,221.42,236.9,248.71124,229.02437,218.95041,201.98073,NA
"2022-02-15",198.18,188.99871,179.7,174.02,174.05,182.97,204.19691,234.06,262.87758,240,NA,NA,NA,NA,NA,NA,221.19,226,238,230.69,222.1,NA,203.99,198.36
"2022-02-16",192.02,188.23,179.18,188.23,188.23,201.2,229.11,257.04,299.67,NA,NA,NA,NA,NA,200.6,210.34,235.71,255.46,284.03,267.99,248.99,211.04326,202.05,187.47
"2022-02-17",179.49,173.95,173.7,172,172.94,180.38,182.07,202.54,199.7,192.68997,NA,NA,166.83,164.86,167.96,174.99,182.99,190.94,206.19,213.26847,196.54169,NA,NA,170.75
"2022-02-18",173.17,168.84,167.28525,166.62,166.86,173.17,210,240,254.78,241.93,202.25,184.99,177.7,NA,182.05,196.44,215,249.27,NA,NA,NA,NA,NA,173.86
"2022-02-19",182.6,175.69,169.91,167.62,165.21,169.91,176.65,192.69,200,186.36,NA,NA,NA,NA,NA,168.96,171.8,183.39,203.24,205.79,197.31,180.39,173.3,168.66
"2022-02-20",175.69,168.68,163.03,163.05,163.03,168.68,175.69,175.12,178,180,174.62,169.26,168,161.73,161.73,166,177.71,195.34,223.6,251,228,214.93,195.77,181
"2022-02-21",164.64,162.6,157.34,154.98,157.16,163.98,185.58,209.5,218.02385,NA,NA,NA,NA,NA,NA,NA,NA,200.89,205.15,201.75613,192,177.71,175,NA
"2022-02-22",NA,169.7248,NA,163.06,158,NA,NA,NA,NA,NA,NA,NA,NA,NA,NA,NA,NA,NA,232.51,245,211.02,185.63,181.77,NA
"2022-02-23",NA,NA,NA,NA,NA,NA,201.57684,212.7,NA,NA,NA,NA,NA,NA,NA,NA,192.49,205.72,244.44,245,NA,NA,NA,NA
"2022-02-24",184.7,183.5,180.79,180.79,181.5,190.45,218,230.55,260.7,229.4,213.91,NA,198.61,195.39,204.21,210,227.91,266,274,274,266,230.55,218,209.99
"2022-02-25",246.8,245,237.6,235,235,269.90429,300,322.97,330,294.56,275,273.98,268.99,263.7,271.22,275.07,290.5,332.38,349,349,322.05,290.81,275.45,268.99
"2022-02-26",285.41,267.37,261.13,261.13,261.13,262.63,265.21,278.06,278.06,267.37,245.74863,213.02,196.64,180.33,181.95,197.46761,225.08072,262.39,299,300.7,280,265.21,245,224.9
"2022-02-27",200.33,186.05,178.29,178.29,174.5,177.1,186.05,191.54,191.54,196.64,186.05,182.06765,186.05,153.76,167.36,177,192.24,229.9,275.76356,279.84,268.3901,252.1,240,210.12
"2022-02-28",204.01,202.79,202.68372,196.33,197,NA,NA,NA,NA,NA,NA,NA,NA,NA,NA,NA,NA,NA,NA,NA,NA,NA,NA,NA
"2022-03-01",NA,NA,NA,NA,NA,NA,NA,NA,NA,NA,NA,NA,NA,NA,NA,NA,NA,NA,NA,NA,NA,NA,NA,NA
"2022-03-02",NA,NA,NA,NA,NA,250,NA,NA,NA,NA,NA,NA,NA,NA,NA,NA,NA,NA,384.83,385,322.82,287.06115,265.78,250.24773
"2022-03-03",344.78,322.53498,316.88,307.01,307.3,332.26805,371.31,NA,400,NA,370.31,361.18,350.88,348.33,363.55,NA,375,398.52604,NA,NA,390,369.3,363.97,352.33
"2022-03-04",374,366.7,337.63,329,337.7,366.87,398.6,NA,NA,NA,NA,NA,374.4,375,375.75,381.6,395.15,406,NA,410,405.22,395.23,384.6,371.33
"2022-03-05",376.5,360,350,345.62,338.84887,347.04,369,385,NA,NA,360.2,346.9,330.44,313,313,321.8,347.47,NA,405.78,NA,NA,391,369.62747,NA
"2022-03-06",405.22,374,NA,NA,NA,350.01,374.99,366.9,353,NA,NA,346.25,350.25,343,330.07196,342.98,405.23,410,NA,NA,436.35132,412.02,412.02,411.65026
"2022-03-07",405.51,405,394.69,390.99,400,407,NA,NA,NA,NA,449.03,430,413.74105,412.06,NA,430.32,445.21,NA,NA,NA,NA,NA,450.5,417.38
"2022-03-08",572.38,543.8,527.84,519.02,515,566.06,NA,NA,NA,NA,NA,NA,NA,NA,NA,NA,NA,NA,NA,NA,NA,582.22,577.46572,NA
"2022-03-09",468.46,NA,NA,NA,NA,NA,NA,NA,NA,NA,NA,NA,NA,NA,NA,NA,NA,NA,NA,NA,NA,498,480,450.08
"2022-03-10",395.55,342.3184,332,332,332,380.55,NA,NA,NA,NA,NA,NA,NA,NA,NA,NA,NA,NA,470.5,480,430.01266,403.35,391.22,372.31
"2022-03-11",341.29,336.76,334.19,332.52,336.15,345.95,388.93,430,430,415.23,355.69,345.95,330,327.26,331.79,336.76,358.69,420,475,479.99989,430,359.91213,341.95,331.79
"2022-03-12",298.73,281.98,275.2,275.17,275.17,274.76,275.32,271.51,292.38282,294,274.01129,264.62,258.55,249.13,249.18,255.62,261.53,289.3,NA,357.16,320,293.32,273.98,262.77
"2022-03-13",300,282.14,281.27,281.15,279.98,288.22,281.27,275.52,276.54,274.53,269,266.72,270.92587,262.72,263,268.45,284.76429,350,NA,419,419,405,360,305.91
"2022-03-14",295.79012,292.6,290,290,292.6,300.03485,329.2,360,365.61786,335.48994,NA,NA,293.8,292.6,292.6,300,314.69,360,411.02925,435.42,389,322.7,300.7305,283.81
"2022-03-15",NA,267.83,266.68,267,267,273.17596,NA,NA,NA,NA,NA,NA,NA,NA,NA,NA,NA,NA,375,410,357.04,304.19,283.16976,264.63
"2022-03-16",266.5,253.39,249.57,249.09,249.09,269.3,296.96,NA,NA,NA,NA,NA,NA,NA,NA,NA,NA,294.92046,319.23,354,306.24919,280.38,274.99,266.59
"2022-03-17",248.85,241.33519,236.90486,223.3,221.14,241.4,NA,NA,NA,NA,NA,NA,NA,NA,NA,NA,NA,NA,NA,NA,NA,NA,NA,NA
"2022-03-18",232.4,216.02,211.9,209.83,209.9,233.5,262.97121,291.51,NA,NA,NA,NA,NA,NA,NA,NA,NA,247.64,275.32,293.44518,259.38031,242.27,237.49,229.07989
"2022-03-19",NA,233.45,231.8,230.4,230,233.32,241.91,NA,NA,NA,233.45,226.91,214.34,204.07204,207.95,222.9,233.45,248.06,322.8,349.15,328.19,318.37,249.94,246.42
"2022-03-20",236.18,227.9,223.59,222.95,221.49,223.84,223.59,221.1,212.94,210,199,210,NA,NA,191.14,194.05,211.86,233.08246,265,292.92,292.92,266.61,247.6,237.10804
"2022-03-21",233.07556,220.58,213.59,200,194.05,226.6,264,287.99746,275.49,NA,NA,NA,NA,NA,NA,NA,NA,NA,309.59565,336.98382,287.56877,258.49,240.29,228.88
"2022-03-22",223,215,207.61,209.47,208.43,220.92,273.7,NA,NA,NA,NA,NA,NA,NA,NA,223.1,NA,NA,301.0346,351,290.84,NA,NA,228.49107
"2022-03-23",219.48,206.6,200.62,198.08324,NA,226.15306,NA,NA,NA,NA,NA,NA,NA,NA,NA,NA,217.99,266.04741,312.28327,374.14,311.03487,270,242.75,220.09961
"2022-03-24",220.77806,212.87,211.78388,211.80284,212.93,223.32,NA,305.07035,NA,NA,NA,NA,NA,NA,NA,NA,232.58,266.98872,310.75522,371.11,295.4022,256.86,240.04,230
"2022-03-25",262.4785,257.65,253.89,252.16,252.17,260.6,NA,333.8562,NA,NA,NA,NA,NA,NA,NA,254.95,261.28,276.28,300.77278,352.74,300,281.86,274.94,270.47
"2022-03-26",266.14,253.82,246.75,242,242.75,240,235.58,233.17,235.58,232,220.3,203.24,205.61,199.85054,196.60955,198.3,210.31,232.42,262.5,292.24,270.1,244.97671,244.94364,237.75
"2022-03-27",235,221.93,214.01906,212.00151,211.09,210.31,214.03054,214.08145,214.0734,205.01966,197.61,192.08,157.80811,93.99,94.99,141.58754,194.83,220,262.98281,285,275.11662,254.00199,235.58,NA
"2022-03-28",216.79,206.96,201.18,200.89,204.77879,216.02,274.94876,325.98,NA,NA,NA,NA,NA,219.55,217.9,221.79,226.71,236.45,260.31381,319.29,300.27,283,256.11,243.97
"2022-03-29",227.31,219.36,212.89,210.00001,214.65,225.27,259.09768,296.24768,319.0906,NA,NA,NA,NA,NA,NA,NA,NA,NA,NA,302.49,298.3,NA,NA,NA
"2022-03-30",265.14,249.56,237.45,235.92,236.52,249.56,283,313.48226,347.52874,370.1,NA,NA,NA,NA,NA,NA,NA,NA,NA,NA,NA,NA,NA,NA
"2022-03-31",NA,NA,NA,NA,NA,NA,NA,NA,NA,NA,NA,NA,NA,NA,NA,NA,NA,NA,NA,NA,NA,NA,NA,NA
"2022-04-01",NA,NA,NA,NA,NA,NA,NA,NA,NA,NA,NA,NA,NA,NA,NA,NA,NA,NA,305.82,335.2,380,346.58264,315.34444,279.90142
"2022-04-02",NA,NA,NA,NA,NA,NA,NA,NA,NA,NA,NA,NA,NA,NA,NA,NA,NA,NA,NA,NA,NA,NA,NA,NA
"2022-04-03",NA,NA,NA,NA,NA,NA,NA,NA,NA,NA,NA,NA,NA,NA,NA,NA,228.72508,252.55159,308.89552,367.93,435,425.75866,354.7,325.87
"2022-04-04",329.09,310,307.64,307.64,307.64,335.6,410.12583,450,470,470,408.01081,354.15,326.48112,308.94794,297.31,298.31,309.76,303.31,319.63,372.00817,378.89943,345.27338,341.1,313.03
"2022-04-05",292.5,271.64,270,265,264.25,273.3147,NA,NA,NA,NA,NA,NA,NA,NA,NA,NA,NA,274.27,285.4,328.9,360,300.69,291.22,280.5
"2022-04-06",278.11,265,259.5,252,254.5,265.27,290.92,350,395.14999,NA,NA,NA,NA,NA,NA,NA,255.44,258.72,268.72,291.25,335,277.1,262.38,249.59
"2022-04-07",249.24,221.93,218.5,218.09,218.5,224.94,259.04,271,NA,268.3,NA,NA,NA,NA,NA,NA,NA,NA,236.1,277.5,277.5,266.75,NA,NA
"2022-04-08",220.75,214.51,214.51,213.07,214.71,216.3,NA,330,NA,NA,NA,NA,NA,NA,NA,NA,NA,265.89,316,332,346.27,330,330,271
"2022-04-09",244.12,235.7,236.91,232,233.35369,236.91,237.36,250.77,258.14,263,NA,NA,NA,NA,NA,NA,184.67,217.10406,238.04181,280,301.71,294.88,271.89,NA
"2022-04-10",NA,NA,NA,256.78897,246.89,239.91,250.41,NA,NA,NA,NA,NA,NA,NA,NA,NA,NA,NA,219.7,257.1,283.11868,260,245.56766,224.3
"2022-04-11",233.45,218.66902,214.97,200.91938,211.3,227.13,264.91335,299.92516,285.02623,NA,228.27,221.51,196.1,183.69,199,210.54,227.13,235.01,263.32,296.99189,290.3652,NA,247.99072,237.69
"2022-04-12",238.07,229.43,228.27,229.43,230.06,238.07,290,311,311,276.32,NA,NA,NA,NA,NA,NA,240.24,250,282.32,349.19,375,330,282.32,260
"2022-04-13",242.75,229.77,227.25,224,223.37,231.56,258.2,278.7,286.18381,263.14,242.75,234.99347,227.67,208,211,221.51,231.18,241.25,266.2,298.9457,301.63,269.03039,250,235.7
"2022-04-14",234.03,228,226.79,226.79,227.58,233.6,254,290,291,NA,NA,NA,202.7551,195.18542,193.63592,216.99,227.58,242,257,299,321,265.46,253.68226,238.98
"2022-04-15",237.07,235.37,234.45,219.42,230,235.37,NA,NA,NA,NA,235.16,225.01,199.91,194.59,203.65,209.46,232,237.07,253.01,311,313,309.99,251.68,237.34
"2022-04-16",230.17,230.17,230.17,227.43,226.36,228.92,230.17,232.04,230.17,230.17,207.2,150,99.99,89.99,42.97382,89.99,165,197.16,210,235.01,240,218.9,215.48,201.87
"2022-04-17",214.1,196.2,201.86,196.3,190.08,191.41,191.4,191.4,139.52474,187.14,165.4,183,183,30,10,30,109.24,191.4,215.48,234.33,237.92,234.33,222.19,190.08
"2022-04-18",199.57,201.19,200.8,189.99794,183.98,201.81,213.68,213.69,199.86,183,NA,NA,NA,NA,NA,NA,NA,196.25,229.68,251.05,255.1,258.18,246.57,225.68
"2022-04-19",221.6,194.49,191.145,190.94647,197.59,226.18,261.68,291.43,295.43,255.71,244.87,228.64,221.6,211.33,214.93063,214.64,222.71,231.88,244.87,264.9,267.88,254.74,235.69,225.95
"2022-04-20",200.7,189.84,183.1,183.28237,183.38,200.92,232.8,249.92428,259.5,NA,NA,NA,NA,NA,NA,NA,NA,245.86,NA,290.43,NA,NA,241.47,NA
"2022-04-21",NA,219,217.98,217.98,217.98,NA,NA,NA,NA,NA,NA,NA,NA,NA,NA,NA,NA,NA,NA,NA,NA,NA,NA,NA
"2022-04-22",NA,NA,NA,NA,NA,NA,232.09,245.69,245.69,241.47,NA,NA,NA,NA,NA,NA,NA,236.01,NA,NA,NA,NA,NA,232.13
"2022-04-23",248.8,251.65,248.8,248.16,248.8,253.36,270.85,295,NA,NA,247.89,NA,216.83223,NA,NA,NA,NA,248.8,295,320,320,310,283.56,248.8
"2022-04-24",234.49,230,226.48,222.27,219.76,222.85,215.27,212.19,209,207.3,207.02,209,NA,NA,NA,NA,NA,200.76,228.02,234.49,260.65,265.99,243.63,245.62
"2022-04-25",308,277.26,272.47,272.47,272.47,285,277.26,285,272.47,249.06117,232.59123,227.97,211,200.00299,NA,NA,201.73,240.55,275.11,308,320,320,314,305
"2022-04-26",237.76,231.13176,222.62,219,222.62,237.84,266.06,282.27,288.60311,265.4,252.3,247.68,242.21,234.97,234.97,238.85,241,245.82,260.63,281,310,277.26,260.63,245.51
"2022-04-27",228.61,225,220.72,220.34,220.72,228.61,244.19886,276.57,283.78,255.15,235.38,224.76,212.8,210.58,216.31,224.76,228.97,228.61,246.5,273.27,298.13,272.78,243,228.97
"2022-04-28",250.22,228.1,221.29,216,215.85,221.29,260.63,283.37,279.29425,NA,NA,NA,208,NA,NA,220,230,249.99,NA,279.09,284.91,268.91341,257.42,246.67
"2022-04-29",231.21,231.45,214.96,214.96,214.96,239.86,255.77319,280.05506,NA,NA,NA,NA,208.36827,197.25248,212.63,215,234.13,241.99,253,278.69,315,276.57,252.47,240.25
"2022-04-30",223.3,211.59,203.5,201.44,201.44,205.7,221.97,222.39,214.96,205.84689,195.95297,186.58404,180.03649,172.94,166.35024,159.69052,190.5,201.89,226.09106,257.4,288.3,256.34,239.08696,223.64
"2022-05-01",234.1,215.85,210,215.85,215.46,215.46,202.57,202.37,200,194.73,186,189.25,189.42,174.6,165.67,165,180.09,198.1,215.85,249.43277,260.93,273.49,239.72223,215.96657
"2022-05-02",206.46286,199.87,195.08,193.76027,196.33706,209.95608,248.88017,270,NA,NA,NA,NA,NA,NA,NA,NA,NA,NA,NA,NA,NA,NA,NA,NA
"2022-05-03",NA,NA,NA,NA,NA,NA,NA,NA,NA,NA,NA,NA,NA,NA,NA,NA,NA,NA,NA,NA,NA,NA,NA,NA
"2022-05-04",NA,NA,NA,NA,NA,NA,NA,NA,NA,NA,NA,NA,223.63,219.02,223.67,NA,NA,NA,NA,NA,NA,NA,NA,NA
"2022-05-05",NA,NA,NA,NA,NA,NA,258.60584,NA,350,334,NA,NA,NA,NA,NA,NA,NA,NA,NA,310.59,333.57,280,NA,238.52
"2022-05-06",NA,NA,NA,NA,NA,NA,NA,NA,NA,NA,NA,NA,NA,NA,NA,NA,NA,NA,NA,NA,NA,NA,NA,NA
"2022-05-07",NA,NA,NA,NA,NA,NA,NA,NA,NA,NA,NA,NA,NA,NA,NA,NA,NA,NA,NA,NA,NA,NA,NA,NA
"2022-05-08",NA,NA,NA,NA,NA,NA,NA,NA,NA,NA,NA,NA,NA,NA,NA,NA,NA,NA,NA,NA,NA,NA,NA,NA
"2022-05-09",NA,NA,NA,NA,NA,NA,NA,NA,NA,NA,NA,NA,NA,NA,NA,NA,NA,NA,NA,NA,NA,NA,NA,NA
"2022-05-10",NA,NA,NA,NA,NA,NA,NA,NA,NA,NA,NA,NA,NA,NA,NA,NA,NA,NA,NA,NA,NA,NA,NA,NA
"2022-05-11",NA,NA,NA,NA,NA,NA,NA,NA,NA,240,224.94168,216.99,184.43,184.43,205.31,NA,NA,NA,NA,NA,335,NA,NA,NA
"2022-05-12",NA,NA,NA,NA,NA,NA,NA,NA,NA,NA,NA,NA,NA,NA,NA,NA,NA,NA,NA,NA,NA,NA,NA,NA
"2022-05-13",NA,NA,NA,NA,NA,NA,NA,NA,NA,NA,NA,NA,NA,NA,NA,NA,NA,NA,NA,NA,NA,NA,NA,NA
"2022-05-14",NA,NA,NA,NA,NA,NA,NA,NA,NA,NA,NA,NA,NA,NA,NA,NA,NA,NA,NA,NA,NA,NA,NA,NA
"2022-05-15",NA,NA,NA,NA,NA,NA,NA,NA,NA,NA,NA,NA,NA,NA,NA,NA,NA,217.41,223.11,239.99963,292.87644,294.00097,245.58,224.33
"2022-05-16",213.15,210.8,206.67,202.76,210.83,214.17,229.94589,248.08,251.09,238.64,234.77,228.63336,216.94,216.94,227.41,232.07,234.97,238.64,245.73687,298.68,320,300.19,251.09,237.05
"2022-05-17",222.91,213.47,208.51,207.26,210.64,216.96,236.70327,264.89229,274.16763,247.06014,231.99062,225.36,213.84011,209.99,220,223.87,233.07,237.78318,251.82053,290,298.21,265.88,245.46435,233.95
"2022-05-18",235.57,230.24,224.7,224.7,221.5,224.5,235,247.6,251.67,230.86,223.45,221.32,192.94,189.97,NA,NA,221.5,226.35,241.2,NA,280,245.87999,234.97,224.7
"2022-05-19",224.37,220.95,218.38,216.61,218.38,221.02,245.01,277.6,281.02,NA,NA,NA,195.27,NA,NA,NA,NA,243.22,270,321,360,308,256.47,243.22
"2022-05-20",230.54,220.63,218.29,215.03,215.82,220.29,235.80485,290,311,290,246.42,NA,213.07,212.46,NA,NA,NA,242.99,254.58,296.08,316,290,241.96,231.62
"2022-05-21",222.37,221.52,220.23,217.8,217.8,216.83,218.03,217.8,216.19,206.44,203.57,200.08,180,167.45157,164.67,164.6,190,199,216.52,252.58,288,271.56123,223.85,217.8
"2022-05-22",211.43,204.12,200.26,199.58,198.59,196.61,198.31,192.7,162,149.9574,171.56,171.56,187.66,175,180,171.56,151.5,167.89,198.59,220.23443,233.98,246.17,224.84987,205.09
"2022-05-23",198.6,192.99,192.99,175,173.23,176.89,202.69731,225.18,241.42,238.29,228.74,224.43,209.67,203.59,207.91,213.94,222.18,224.43,246.32,280,300.43,280,240,214.8
"2022-05-24",213.02,209.36,201.5,201.33,201.33,204.57,214.45,247.6,NA,NA,NA,NA,NA,NA,NA,NA,NA,227.28,245.15,280,280,260,228.46,213.94
"2022-05-25",198.98,194.33,191.39,187.38,189.4,194.72,212.21,230.9,NA,NA,NA,NA,NA,NA,NA,NA,NA,215.83,228.78,251.22,260,240.73,214.37,206.97
"2022-05-26",207.23,194.72,194.72,194.66,194.72,194.72,207.49,232.63,250,247.89,232.63,210.49,199.48,202.41,210.49,215.28,232.63,232.63,246.32,277.28,278.3083,253.24,224.41,209.55
"2022-05-27",213.71,209.88,206.21,204.06,204.21,205.16,224.99,260.92,275.99,272.99,264.47,245.09,216.84087,212.97522,224.99,233.38,253.44,261,275,310,310,277.28,275,230.49
"2022-05-28",211.21,207,223.06,218.69,210.72,200.06,200.79,204.36,201,195.9,194.1,NA,180.72,162.6,162.3,172.83,185.36,194.39,209.21,225,238.56,233.99,218.69,210
"2022-05-29",201.38,195.29,191.32,190.64,188.61,184.4,180.72,182.95,183.05,184.4,186.12,185.27,185.96,173.11,NA,131.99433,161.13,173.46,179.55811,201.38,214.93565,224.97014,225,214.95676
"2022-05-30",203.89798,194.72,192.65,193.49,194.31,195.74,230.68,257.94992,NA,NA,NA,NA,NA,NA,NA,NA,NA,NA,NA,291.14438,295,266.45527,243.68,227.5
"2022-05-31",209.5,207.5,205.67,205.67,206.02,209.5,247.47,247.76987,310,NA,NA,NA,NA,NA,NA,NA,NA,NA,234.97034,267.78,275.08,247.5054,240.01,227.98
"2022-06-01",220.0009,207.45,205,211.5,211.5,213.65,259.99,249.67933,246.36,233.67,230.51,223.94,217.42,217.42,223.94,233.67,241.26,260.55,275,321.56,332.2,275,250,236.42
"2022-06-02",220.49,215.42,218.18,221.56,219.41,216.24,219.99,223.09558,218.5,201.27,187.19,180,179.93353,174.90845,169.42835,180,189.73,206.66,221.71,260,300,256.61268,230,213.56
"2022-06-03",209.31,203.99,200,199.69,200,205,217.47,225.11,292.73,274,270,267.78,249.29,300,NA,348.84,321.73,305.79,317,330,322,316.27,267.78,237.91
"2022-06-04",216.33006,199.75,197.21,199,199.75,199,204.32,206.01,205,199,193.29,186.47,184.07,168.02958,170,173,193.29,203.99,230.93,290,302.33,267.78,230.1,215
"2022-06-05",222.93,203.3,203.3,202.72,203.3,196.74,191.77,191.77,191.67,186.73,183,183.4,184.07,170.03,165,167.98,184.07,203.3,215.93,250,260,257.78,222.93,214.32
"2022-06-06",200,190.63,183,181.26,183,190.01,220,229.37,265,248.56,260.02,233.48,215,219,NA,NA,NA,254.18,300,360,360,330,272.93,228.69
"2022-06-07",219.02,208.23,199.13,195.7,193.67,198.19,219.02,219.41,NA,NA,NA,NA,NA,NA,NA,NA,NA,231.2,222.38,280,280.56,247.51,220.26,217
"2022-06-08",185.05224,179.62,169,168.87,168.7,175,197.42022,213.93379,215.01361,205.29202,191.49,191.1,181.26,187.85,191.62,NA,196.13,200.66461,NA,235.5,244.98,211.98,211,198.89
"2022-06-09",189.98,187.98,177.3,169.15,168.43,177.00233,196.6,220.08,NA,NA,NA,NA,NA,NA,NA,NA,NA,NA,NA,NA,NA,NA,NA,192.07143
"2022-06-10",205.69,200.59,194.8,186.95,186.95,187.62,207.90729,213.76408,212.83738,216.08,206.69,200.94,196.48,190.92,193.99,200.94,200.94,200.59,205,217.97,220.46269,216.9,215.47703,205.06606
"2022-06-11",207.5,202.43,195.3,194.01,191.77,191.77,191.77,191.77,184.83,172.24888,177.54747,180,168.47748,165.16018,164.21546,159,166,180.8,191.77,210.71,225.11,221.9,210.71,199
"2022-06-12",195,189.38,185,185,178.39,169.81673,167.8678,156.88,146.04,135.6,120,111.55,145.44328,119.67,95.8,142.74,146.04,146.5,175.2,191.47,205.98241,231.9,229,204.2
"2022-06-13",192.83,185.69,180,186.64,188.72,192.33,209.24,210.97855,NA,NA,NA,NA,NA,NA,NA,NA,207.66,209.41,231.05491,250,254.36,246.9,236.12,223.13
"2022-06-14",223.99,206.82,199.12,197.53,199.12,199,215.21987,227.87936,229.50988,222.47,216.97,NA,NA,NA,209.09347,201.45,204.23,213.34263,230.97317,266.26078,272.83591,246.9,234.90489,219.25
"2022-06-15",220,212,202.39,208.27,212,215,234.99,246.95189,258.9311,262.67577,245.61709,250,NA,NA,NA,NA,NA,275,280,326.34498,308.17,302,275,239.3
"2022-06-16",256.06811,244.72,240,239.5,239.5,239.5,247,259.77644,306.49056,300,260.39218,270.72,258.7,258.37601,262.82381,NA,280,311,325,345,330,320,285,282
"2022-06-17",302.42,300,289.57,278.75,277.94,283.99,304.49,335.73,360,360,NA,NA,NA,NA,NA,NA,NA,333.22,339.73,368.06,360,343.9,360,330.73
"2022-06-18",330,313.23,304.94,304.94,314.38,302.02,292.58,289.61,292.76,287.44,277.51393,269.99,268.43984,244,NA,237.65401,264.84279,286.99,297.96,332.72,341,380,310.11,303.17
"2022-06-19",305.32,300.17,291.38,300,295.55,290.62,265.7,265.7,262.18,230.1,148.2,141.8,133.73,132.8,132.8,142,224.04,260,285.61,345,370,370,355,305.32
"2022-06-20",318.46,277.84,266.42,261.4,260.5,270,NA,NA,NA,NA,NA,NA,NA,NA,NA,NA,NA,NA,314.44,333.99001,324.61,319.27,311.19,301.6
"2022-06-21",281.89,264.7,261.08,257.27,261.58,262.3,NA,NA,NA,NA,NA,NA,NA,NA,NA,NA,NA,NA,NA,NA,NA,410,373,NA
"2022-06-22",300,290.01195,280.64,273.24,270.56,283.44,NA,NA,NA,NA,NA,NA,NA,NA,NA,NA,NA,NA,NA,NA,NA,399.30457,NA,NA
"2022-06-23",297.07,288.7,281.06,277.28,275.83,279.67891,NA,NA,NA,NA,NA,NA,NA,NA,NA,415,415,415,420,430,429.66,415,405.5165,400
"2022-06-24",315.5,310,297.4,290.9,290.84,290.48,312.48,337.48,346.32,345.07504,338.9,323.46,321.83359,311.64656,312.4,NA,315.99,322.35,322,330,335.2,330.9247,320,308.99
"2022-06-25",315.5,305.1,294.97,290.9,290.9,293.16,296.99,304,305.1,303.63,290.97,284.68,275.97,253,257.07,257.5,282.64,290.97,320.6,380,393.99,380,336.95,318.95
"2022-06-26",308.7,301.81,300.01,302.97,298.2,295.51,285.64,268.52,262.18,253.1,235.63809,242.89,266.50438,233.68449,223.5697,219.98,262.18,276.75,305,327.78,348,380,350,318.95
"2022-06-27",300,293.45,285.51375,283.69,283.9,277.41127,330.88507,357.94478,371.07155,348.38128,332.54492,333.99491,343.72796,344.57446,355,350,375.95777,393.99,410,446,424.62569,375.63746,372.17404,354.80671
"2022-06-28",334.99,315.34,305.6678,290.6,287.07,290.86,348.95,379.91,388.73846,374.49994,379.3,419,416.06,420.89983,450,450,450.1,427.32,450,470.90411,453.14,410.9208,396.38071,364.37934
"2022-06-29",322.23181,314,291.7,287.07,284.74,288.77,315.73,350.85,NA,NA,NA,NA,NA,NA,NA,NA,333.43172,352.90943,369.95214,390.9,390,366.90238,353.73835,331.03669
"2022-06-30",325,315,302.17,301.79,301.55,303.4,339.77,369.89057,379.62852,365.73,356.29699,358.64333,NA,NA,NA,375.09931,366.34758,372.43937,409.40941,478.99918,449.99858,394.20816,374.24428,351.96
"2022-07-01",354.99,337.55,335.77,328.98,332.09,333.03,355.19,378.84788,385.19,378,399.30992,379.67995,363.7781,352.78,358.6,363.6,377.94,375.19,385,454,400.2243,401.65382,385,380
"2022-07-02",379.21,397.84,361.77,358.81,358.84,355,351.81,360.5,359.84,358.57,349.84,340,334.14,307.08,300,330,336,352.23,360.5,385,393,385,362.78,361.47
"2022-07-03",385,385,389.6,387.81,385,360.14,350.5,351.5,335.5,NA,NA,NA,NA,NA,NA,NA,350.5,367.81,394.21,430.01,460,460,460,429
"2022-07-04",350,335.96,329.99,322,322,328.99,361.88383,376,385.17,366,NA,NA,NA,NA,NA,NA,NA,434,419.69,447.17708,481.86,499.99,414.1,399.7
"2022-07-05",390.5,375.47,369.47,355.97,353.53,360.76,380.47,412.58683,450,450,433.02,415.96287,NA,NA,NA,NA,412.17,437.44,450,509,515,500,426.05,394.58
"2022-07-06",419.61,400.15,384.41,380.07,375.34,378.25,418.38,424.47,437.05,470,435.31,431.72,423.07682,NA,NA,NA,444.61,455,462.1,474.08,474.86,447.23,433.59,427.42
"2022-07-07",430.16,385.62,384.98,374.51,370,374.51,387.35,396.45029,424.02868,414.81,396.87,396.74,391.54,390,394.89,401.84,439.94,471,480,482,467.89783,434.60147,414,405.91
"2022-07-08",422.94,402.03,375,364.66,360,365,414.27,480,460,464.80993,NA,NA,NA,NA,NA,NA,NA,NA,NA,NA,NA,NA,NA,NA
"2022-07-09",406.14,400.61,377.29,364.17,360,356,362.88,NA,NA,NA,NA,NA,NA,NA,NA,NA,NA,355.98196,400,423.06,443.83,460.79,449.49,443.72
"2022-07-10",389.36,374.19,385.34,383.35,384.42,370,366.61,361,317.3,227.06,183.99,166.61287,176.67112,148.92427,148.6,154.92,275.22,362.88,410.64,425.74,441.83,458.46,435.15,427.33
"2022-07-11",384.5,361.06,344.61,360.08,350,363.65,395.95256,415.0757,433.97174,416.32214,NA,NA,NA,NA,NA,NA,NA,433.03,450.79,480,480,480,450.79,425
"2022-07-12",411.27,388.44,365.31,346.88,341.5,362.09763,419.64453,NA,NA,NA,NA,NA,NA,NA,NA,NA,NA,456.54,485.5,513.59048,509,480,500,454.85298
"2022-07-13",416.05,399,380.98,355.79,350.68,353,411.97,NA,NA,NA,NA,NA,NA,NA,NA,NA,NA,NA,NA,508.39279,486.54797,480.06315,481.78465,461.92284
"2022-07-14",425.91,415,403,391.88,389.55,398,423.96,433.30741,441.67,442.03,430.97,NA,422.4,NA,NA,NA,NA,459.21,500,543,530,529.99,480,440.61
"2022-07-15",425.27,415,400,394.06,389.21,400,428.48,444.45,456.17,444.45,433.21,433.21,NA,NA,NA,NA,450.1,450.1,477.29,500,500,459.99,450.1,433.21
"2022-07-16",500,433.71,405,398.74,399.43,393.87,390.91,500,500,413.17,394.46,386.84,367.96,344.38,344.97,362.15,373.19,405,479.99,503,500,500,480,426.81
"2022-07-17",408.71,390.91,384.09,380.74,380,377.07,352.87,349.45,350,340.71,296.99,291.99,291.99,228.47,242.35,280,330,349.45,390.91,444.99,474.99,474.99,464.99,419.44865
"2022-07-18",389.77,374.85,355.27,343.43,341.43,349.6,NA,NA,NA,NA,NA,NA,NA,NA,NA,NA,NA,NA,NA,NA,NA,NA,NA,NA
"2022-07-19",402.46,368.99,353,342.72,339.79,350.98,NA,NA,NA,NA,NA,NA,NA,NA,NA,NA,NA,NA,NA,NA,NA,621.69,576.28812,NA
"2022-07-20",409.99,385.67,383.39,370.13,370.13,376.18,NA,NA,NA,NA,NA,NA,NA,NA,NA,NA,NA,NA,NA,NA,650,634.34312,620,NA
"2022-07-21",NA,NA,385.06917,370.45,369.06,NA,NA,NA,NA,NA,NA,NA,NA,NA,NA,NA,NA,NA,NA,NA,NA,650,NA,NA
"2022-07-22",NA,371.12,356.16,351.22,NA,NA,NA,NA,NA,NA,NA,NA,NA,NA,NA,NA,NA,NA,NA,NA,650,636.50924,550,NA
"2022-07-23",535,468.63,419.48,402.57,401.45,401.45,399.99,408.53,420,410.01,386.61,375.42,375.42,375,375,368.01,375.42,394.59,602.01,620,650,650,602.01,580
"2022-07-24",409.99,379.23826,355.06,346.05,352,336.45,332.45,332.45,305.99,322.49,300.03427,309.3,330.08,299.99,299.99,304.75,332.45,348.05,372.94,432.82045,508.1346,484.17761,490.95539,417.71
"2022-07-25",373.94,360.07,350,337.8,329.26,346.48,380,410.13864,NA,NA,NA,NA,NA,NA,NA,NA,NA,NA,NA,NA,650,650,600,507.37
"2022-07-26",401.9,371.02,NA,364.07,349.29,NA,NA,NA,NA,NA,NA,NA,NA,NA,NA,NA,NA,NA,NA,651,650,650,527.29121,NA
"2022-07-27",442.42,411.01991,NA,NA,NA,405.61,460,503.41038,NA,NA,NA,NA,NA,NA,NA,NA,575,600,NA,NA,650,645,599.27995,NA
"2022-07-28",503.09,NA,NA,NA,NA,NA,502.42,555,NA,NA,NA,NA,NA,NA,NA,NA,NA,NA,650,650,650,650,592.50994,571.50521
"2022-07-29",486.07207,NA,NA,NA,NA,424.01,463.16,516.91756,533.52781,545.30045,NA,NA,NA,NA,NA,NA,570,569.99,584,603,584,550,535.8,506.8
"2022-07-30",469.99,460,450,436.98,435.27,425.01,436.64,443.83,444,444.79,434.99,400,389.26,359.7912,357,370,400,432.46,455.15,484.36,498.84,496.9999,479.81,465.24
"2022-07-31",483.84,441.98,430,426.82,438.81,427.43,416.94,419.08,359.29,345.37,261.09632,255.76251,263.07968,219.07671,208.74477,226.08186,252.07483,385,436.1,500,530,550,530,450.5
"2022-08-01",429.66,422.13,403.18,378.52,380,380,429.66,467.90908,474.89716,470.52,456.95033,451.47,439.3,NA,NA,NA,NA,NA,NA,592.02689,592,582,544.13779,478.59
"2022-08-02",449.97,435.7,NA,NA,NA,419.66,457.0377,479.9,NA,464.16,446.55,446.55,441.99,435.7,NA,NA,NA,482.52,575.4,650,650,615.96855,558.52631,481.95836
"2022-08-03",487.65,NA,NA,NA,403.7,427.88,455.0696,495.15701,559.58244,502.09996,486.34,NA,NA,NA,504.63,500.51,543.17,581.8,650,650,650,640,570.03272,518.43996
"2022-08-04",492.66,NA,NA,NA,448.57,455.5,482,492.27,522.9,522.9,499.5,NA,NA,NA,NA,532.71,600,650,650,650,650,650,636.65,570
"2022-08-05",500.01,470.91,NA,446,446,447.34,461.3,495.89,525,531,NA,NA,469.99,NA,470.11,505,620,650,650,650,650,650,646.65,580
"2022-08-06",600,550,550,523.83,550,550,550,550,523.83,475.89,450,440,431.73,430.46,431.3,444.21,470.08,550,650,650,650,650,620.41,560
"2022-08-07",465.99,450.2,447.45,448.35,446.41,447.45,428.51,440,448.27,427.31,426.34,422.99,425.02,417.09,418.16,412.46,423.48,438.79,490,553.1,555.58,570,540,490
"2022-08-08",445,430.13,424.73,414.27,406.57,413.3,424.73,430.05,450,450.03,436.55,437.64,437.8,440.99,450,452.16,489.35,570,599.99,609.98,614,600,550,473.21
"2022-08-09",452.16,446.19,430.04,430,422.27,429.3,443.56,449.79,452.16,459.79,451.86,446.26,442.16,443.62,452.16,452.32,469.96,500.5,560,598,597.26,592,500.5,463.62
"2022-08-10",438.18,425.42,403.27,403.27,397,401.21,420.5,420.5,420.5,419.57,414.27,412.8,408.01,411.36,NA,419,422.51,430.87,462.49,531,554.27,476.09,439.56,431.17
"2022-08-11",532.22,436.77,NA,427.59,427.59,430.15,NA,485.78,511,450,432.43,432.24,427.59,436.77,448.43,454.15,509.99,529.99,540.78,580,584.99,584.99,535,529.99
"2022-08-12",508.46,464.63,462.48,447.59,455.82,468.15,535,560.4,535,472.56,455.51,450,441.59,440.65,450.07,451.31,468.15,470,489.98734,560,565.39758,539.99,485,470
"2022-08-13",467.44,450,447.12,445.87,442.12,437.71,452.7,472.7,446.55,435.12,419,380.07036,416.88116,NA,NA,NA,425.11,452.28,469.99,535.66,552.57,522.9,479,450
"2022-08-14",445.81,438.82,437.28,417.94,417.94,406.86,400,405.86,368.27,339.93887,309,319,325.15057,NA,NA,NA,357.19945,407.27,452.15,503.92,555,524.77,491.22,452.15
"2022-08-15",500.28,465.83,451.44,450.18,446.44,453.14,454.09,465.83,465.54988,453.14,431.41344,424.37,424.37,NA,NA,NA,NA,456.31,495,555,590,571,507,475.42
"2022-08-16",465.26,444.5,431.1,423.6,422.58926,440.99395,490,512.31,514.90367,497.30397,472.02,465.26,462.28,470.31,475.97,477.29,478.55,507,600.05,650,650,648.38287,580,513.28083
"2022-08-17",523.94,483.8776,472.13,460.07336,465.2,469.89181,528.22,580,540.46,540,523.94,NA,NA,510.73522,515,520.16319,541.6,580,650,650,650,629.08811,552.03205,514.99
"2022-08-18",526.78,479.9,480,475.64,479.94185,501.73095,550,597.53,592,567,561,546.9,540.67,535,535,NA,538.22,561.07334,600,650,645.37259,600.05504,556.54185,524.93
"2022-08-19",NA,NA,NA,NA,NA,NA,NA,NA,NA,NA,NA,NA,NA,NA,NA,NA,NA,NA,NA,NA,NA,NA,NA,NA
"2022-08-20",NA,NA,NA,NA,NA,NA,NA,NA,NA,NA,NA,NA,NA,NA,NA,NA,NA,NA,NA,NA,636.58,630,600,571.61
"2022-08-21",588.6,544.9,525.22,519.41,504.5,502.81,500.21,499,NA,NA,NA,NA,NA,NA,NA,NA,NA,NA,NA,NA,644.9231,630,613.4,579.09
"2022-08-22",510.95,494.57,487.44,447.58906,450.02146,497.08328,561.53,599.9,609.99613,595.58754,NA,NA,NA,NA,NA,NA,NA,NA,640,722.78996,679.96511,636.52056,588.8615,545
"2022-08-23",550.00391,523.82,510.34,500.57136,503.3179,531.01963,NA,NA,NA,NA,NA,NA,NA,NA,NA,NA,NA,NA,NA,NA,NA,700,641.69,599.99
"2022-08-24",608.34,581.86,570.5,535.98,539.01091,574.17968,648,683.25235,694.25834,649.91749,NA,NA,NA,NA,NA,NA,NA,672.33112,NA,NA,NA,724.78375,659.36743,612.79
"2022-08-25",564.3,543.63,540.72,513.45,518.6,530.06709,606.14,NA,NA,NA,NA,NA,NA,NA,NA,NA,NA,NA,NA,766.79,760,710,673.4,NA
"2022-08-26",697.87,654.78,647.36,634.24,631.71,650,750,NA,NA,NA,NA,NA,NA,NA,NA,NA,NA,NA,770,780.65105,778.60929,770,747.73828,701.42
"2022-08-27",747.87,705.82,694,681.29,680.29,675.29,715.82,764.91,700,685.95,662.37,643.46,630.03563,NA,NA,NA,662.37,703.90029,800,850,870,850,802.11,749.99
"2022-08-28",719,709.95,713.36,677.36,678.36,693.36,662.15,627.23,NA,NA,616.17,NA,NA,NA,NA,NA,NA,630,NA,NA,NA,NA,NA,738.81
"2022-08-29",NA,NA,NA,NA,NA,NA,NA,NA,NA,NA,NA,NA,NA,NA,NA,NA,NA,NA,NA,NA,860.89323,800,762.49398,NA
"2022-08-30",617.49005,608.31,585.01,584.96,596.01353,612.54521,NA,NA,NA,NA,NA,NA,NA,NA,NA,NA,NA,NA,NA,NA,NA,NA,NA,NA
"2022-08-31",576.02,547.24,547.24,NA,NA,NA,649.9935,707.88526,NA,NA,NA,NA,NA,NA,NA,NA,NA,NA,NA,743.53182,759.99,706.07268,639.3,601.9
"2022-09-01",571.39,NA,NA,NA,NA,NA,NA,NA,NA,NA,NA,NA,NA,NA,NA,NA,NA,NA,NA,800,775.74767,675.3771,614.3,602.27
"2022-09-02",492.76,465.51,440,430.5,430.5,NA,532.06,566.1,NA,NA,NA,NA,NA,NA,NA,NA,NA,547.74,563.43,640.26,627.36,613.44372,557.83,532.06
"2022-09-03",579.54088,478.89,471.87,491.77,479.65,473.65,468.17,468.17,468.17,470.51,462.65,450.19,451.77,429.72,430.32,436.43,440.51,465.26,468.17,529.99616,575.66,NA,476.65,468.17
"2022-09-04",430.39,412.77,399.99,397.69,391.98,387.89,386.51,380.52,386.17,369.32,369.32,360.08,NA,300.9,NA,NA,NA,386.26,455.46848,509.93107,509.93292,445,409.67,393.61
"2022-09-05",391.22,367,355,317,300,367.52395,459.9,506.5,519.93467,489.59066,470,NA,457.97684,NA,NA,487.57934,NA,520.32,571.1,631,575.66,520.2,493.7,459.28
"2022-09-06",522.18,479.5,461.15,450.5,446.77,469.99,551.4,566.28,571.14,566.28,539.94961,NA,531.86,NA,NA,541.63,554.84024,581.87,700,730,700,581.87,546.19109,535.57
"2022-09-07",449.62,430.96,429.48,423.29,420,431.29,484.68361,519.9,524.76965,501.0438,465.1,449.99,450.22,440.09321,NA,458.9,466.91,522.14082,575.24883,632,600,546.26588,486.22,446.29
"2022-09-08",478.3,470.37,461.81,458.22,461.81,462.34,500.91,535.93,691.14,630,500.91,500.91,477.43,471.24,NA,NA,487.12,499.63,513.64,558.15975,535.93,499.63,486.4,NA
"2022-09-09",412,408.99753,400,393.59,404.96,409.8,439.56,486.66,538,483.06,441.88,NA,NA,NA,NA,NA,NA,440.14,486.66,551,539.99,489.81,NA,NA
"2022-09-10",426.44,425.2,410.13,410.13,410.13,412.94,425.75,438.23,427.72,429.18,419.9,418.36109,399.97576,NA,NA,NA,371.97815,436.24,469.52,520,520,NA,NA,438.23
"2022-09-11",428.23,422.7,402.13,402.13,402.13,402.13,403.06,402.13,402.13,402.13,388.5,380.03911,360,294.99985,251.79756,297,343.09751,404.31702,459.99,520,540.26,494.2199,NA,NA
"2022-09-12",NA,420.5,412.78,390,386.85,399.37,458.88,502.45474,500.09627,470.75885,442.33,440.29,424.8,419.01,431.28,NA,NA,NA,515.00453,560,530.37,463.2,439.49,433.1
"2022-09-13",405.59,393.28,382.36,363.27,367.27,384,432.48,502,560,471.42,NA,NA,424.23,NA,NA,454.3864,493.0714,570.31997,526.5,613,569.808,459.12844,437.96593,NA
"2022-09-14",NA,381,365.05,356.96,360.96,385.53,449.06862,505,564.9,NA,NA,NA,NA,NA,NA,NA,NA,NA,536.60539,628.62637,539.80475,460.34109,NA,NA
"2022-09-15",419.84,384,344.12,324.92,340,375.8,450,NA,NA,NA,NA,NA,NA,NA,NA,NA,NA,481.58978,509.5,550,522.87,461.17,439.9,439.9
"2022-09-16",459.35,448.3,417.75528,417.4,415,450.53,510.26,NA,528.88703,525.89,510.26,NA,NA,NA,NA,497.25,508.03,512.94,528.45,546.34,529.24,500.08,486.75,483.27
"2022-09-17",454.83,416.38209,383.86,373.4,367.13,371.86,384.6,395,NA,NA,NA,NA,NA,NA,NA,NA,NA,NA,393.19,469.99,454.22,409.99,391.7,380.95
"2022-09-18",384.17,371.71081,344.74,344.39,350.47,384.54,354.71,359.79,340.26,241.80666,226.8,162.55912,141.28499,85.7,84.92,132.41,226.8,344.44,371,414.65,460,410.27,399.12,364.79
"2022-09-19",347.03,339.09,329,299.99,305.4,329,373.57,415.09,415.38,NA,368.01,357.2,NA,NA,NA,NA,NA,NA,NA,NA,NA,NA,NA,NA
"2022-09-20",NA,NA,NA,NA,NA,NA,NA,NA,NA,NA,NA,NA,NA,NA,NA,NA,NA,NA,NA,NA,NA,NA,NA,NA
"2022-09-21",369,350,349.19,343.75,343.98,358.1,417.94649,534.75027,NA,NA,NA,NA,NA,NA,NA,NA,NA,NA,NA,NA,NA,NA,NA,NA
"2022-09-22",373.07,351.7,330.08,310.93704,322.20197,361.38,435.1,536.02574,NA,NA,NA,NA,NA,NA,NA,NA,NA,NA,NA,NA,NA,NA,NA,NA
"2022-09-23",NA,NA,NA,NA,NA,NA,NA,NA,NA,NA,NA,NA,NA,NA,NA,NA,NA,NA,NA,NA,NA,NA,NA,NA
"2022-09-24",NA,NA,NA,NA,NA,NA,NA,NA,NA,NA,NA,NA,NA,NA,NA,NA,NA,NA,NA,NA,NA,NA,NA,NA
"2022-09-25",NA,NA,NA,NA,NA,NA,NA,NA,NA,NA,NA,NA,NA,NA,NA,NA,NA,NA,NA,NA,NA,NA,NA,NA
"2022-09-26",NA,NA,NA,NA,NA,NA,NA,NA,NA,NA,NA,NA,NA,NA,NA,NA,NA,NA,NA,NA,NA,NA,NA,NA
"2022-09-27",NA,NA,NA,NA,NA,NA,NA,NA,NA,NA,NA,NA,NA,NA,NA,NA,NA,NA,NA,NA,NA,NA,NA,NA
"2022-09-28",NA,NA,NA,NA,NA,NA,NA,NA,NA,NA,NA,NA,NA,NA,NA,NA,NA,NA,NA,NA,NA,NA,NA,NA
"2022-09-29",NA,NA,NA,NA,NA,NA,NA,NA,NA,NA,NA,NA,NA,NA,NA,NA,NA,NA,NA,NA,NA,NA,NA,NA
"2022-09-30",NA,NA,NA,NA,NA,NA,NA,NA,NA,NA,NA,NA,NA,NA,NA,NA,NA,NA,NA,NA,NA,NA,NA,NA
"2022-10-01",NA,NA,NA,NA,NA,NA,NA,NA,NA,NA,NA,NA,NA,NA,NA,NA,NA,NA,NA,NA,NA,NA,NA,NA
"2022-10-02",NA,NA,NA,NA,NA,NA,NA,NA,NA,NA,NA,NA,NA,NA,NA,NA,NA,NA,NA,NA,NA,NA,NA,NA
"2022-10-03",NA,NA,NA,NA,NA,NA,NA,NA,NA,NA,NA,NA,NA,NA,NA,NA,NA,NA,NA,NA,NA,NA,NA,NA
"2022-10-04",NA,NA,NA,NA,NA,NA,NA,NA,NA,NA,NA,NA,NA,NA,NA,NA,NA,NA,NA,NA,NA,NA,NA,NA
"2022-10-05",NA,NA,NA,NA,NA,NA,NA,NA,NA,NA,NA,NA,NA,NA,NA,NA,NA,NA,NA,NA,NA,NA,NA,NA
"2022-10-06",NA,NA,NA,NA,NA,NA,NA,NA,NA,NA,NA,NA,NA,NA,NA,NA,NA,NA,NA,NA,NA,NA,NA,NA
"2022-10-07",NA,NA,NA,NA,NA,NA,NA,NA,NA,NA,NA,NA,NA,NA,NA,NA,NA,NA,NA,NA,NA,NA,NA,NA
"2022-10-08",NA,NA,NA,NA,NA,NA,NA,NA,NA,NA,NA,NA,NA,NA,NA,NA,NA,NA,NA,NA,NA,NA,NA,NA
"2022-10-09",NA,NA,NA,NA,NA,NA,NA,NA,NA,NA,NA,NA,NA,NA,NA,NA,NA,NA,NA,NA,NA,NA,NA,NA
"2022-10-10",NA,NA,NA,NA,NA,NA,NA,NA,NA,NA,NA,NA,NA,NA,NA,NA,NA,NA,NA,NA,NA,NA,NA,NA
"2022-10-11",NA,NA,NA,NA,NA,NA,NA,NA,NA,NA,NA,NA,NA,NA,NA,NA,NA,NA,NA,NA,NA,NA,NA,NA
"2022-10-12",NA,NA,NA,NA,NA,NA,NA,NA,NA,NA,NA,NA,NA,NA,NA,NA,NA,NA,NA,NA,NA,NA,NA,NA
"2022-10-13",NA,NA,NA,NA,NA,NA,NA,NA,NA,NA,NA,NA,NA,NA,NA,NA,NA,NA,NA,NA,NA,NA,NA,NA
"2022-10-14",NA,NA,NA,NA,NA,NA,NA,NA,NA,NA,NA,NA,NA,NA,NA,NA,NA,NA,NA,NA,NA,NA,NA,NA
"2022-10-15",NA,NA,NA,NA,NA,NA,NA,NA,NA,NA,NA,NA,NA,NA,NA,NA,185.09,210.31,315.5343,360,320,220.59,208.08117,199.7
"2022-10-16",NA,NA,NA,NA,NA,NA,NA,NA,NA,NA,NA,NA,NA,NA,NA,NA,NA,NA,NA,NA,NA,NA,NA,NA
"2022-10-17",NA,NA,NA,NA,NA,NA,NA,NA,NA,NA,NA,NA,NA,NA,NA,NA,NA,NA,NA,NA,NA,NA,NA,NA
"2022-10-18",NA,NA,NA,NA,NA,NA,NA,NA,NA,NA,NA,NA,NA,NA,NA,NA,NA,NA,NA,NA,NA,NA,NA,NA
"2022-10-19",NA,NA,NA,NA,NA,NA,NA,NA,NA,NA,NA,NA,NA,NA,NA,NA,NA,NA,NA,NA,NA,NA,NA,NA
"2022-10-20",NA,NA,NA,NA,NA,NA,NA,NA,NA,NA,NA,NA,NA,NA,NA,NA,NA,NA,NA,NA,NA,NA,NA,NA
"2022-10-21",NA,NA,NA,NA,NA,NA,NA,NA,NA,NA,NA,NA,NA,NA,NA,NA,NA,NA,265.29098,NA,NA,183.35,NA,NA
"2022-10-22",NA,NA,NA,130.71062,129.90921,NA,148.79,NA,NA,NA,NA,NA,NA,NA,NA,NA,NA,NA,NA,183.40706,164.64016,NA,NA,NA
"2022-10-23",110.65783,99.14618,93.54,NA,NA,NA,NA,108.70732,113,NA,NA,NA,NA,NA,NA,NA,104.43613,NA,NA,NA,NA,NA,131.2,105.9
"2022-10-24",NA,NA,NA,NA,NA,NA,NA,NA,NA,NA,NA,NA,NA,NA,NA,NA,NA,NA,NA,189.96693,160.51,NA,NA,NA
"2022-10-25",110,100,94.1769,94.4,100,111.61,NA,NA,NA,NA,NA,NA,NA,110.54,NA,NA,NA,NA,NA,NA,NA,NA,NA,NA
"2022-10-26",104.12,99.13,95.05,93.09,100.4,NA,NA,NA,194.75,NA,NA,NA,NA,NA,NA,NA,124.12,160,NA,210,NA,NA,110.99,NA
"2022-10-27",148.48,135.65,128.55,128.5,130,144.07,163.31,200.82,220,197.36,157.26,NA,138.25,132.93806,146,155.23,161.74,179.99,NA,NA,NA,156.59,154.16,NA
"2022-10-28",NA,123,109.24,107,107.90862,NA,138.03,160.03,178.95254,148.84805,131.73,NA,114.31819,112.35339,119.24,NA,NA,140.01,178.33,NA,NA,132.86,NA,NA
"2022-10-29",NA,NA,90.41,NA,NA,NA,NA,114.56,115.04411,NA,NA,87,84,80.9,83.60401,NA,NA,105.78,NA,NA,NA,NA,103.8,NA
"2022-10-30",103.2,100.55,100.25,100.14777,98.41,98.5,98.98,100.55,101.8,98.5,98.34,97.36,NA,95.43,98.34,NA,103.14,114.99,156,170.38178,165,147.52323,139.08159,119.99
"2022-10-31",NA,119.09121,116.32,114.6,115.07033,124.17,145.96,NA,NA,NA,NA,NA,NA,NA,NA,NA,NA,NA,183.26,173.61823,149.99,136.77769,125.13,115.63
"2022-11-01",107.39,99.93509,96,86.33996,90,99.4938,114.6,NA,100.58,95.91838,89.73982,94.3,90,80.87756,101,NA,NA,NA,NA,NA,NA,128.32,NA,118.33
"2022-11-02",94.99,94.73,95.3,90,94.73,NA,NA,NA,NA,NA,NA,NA,NA,NA,NA,NA,NA,170,180,177.65408,131.37658,119.12555,113.1,107
"2022-11-03",120,111.97774,109.33,106.9,109.33,112.18,130.64,153.5,NA,NA,NA,NA,NA,NA,NA,NA,NA,144.54,NA,155.33,137.41,132.2,128.49,115.49
"2022-11-04",151.15,147.25,146.15,135.3,127.10381,140.18627,NA,NA,NA,NA,NA,NA,NA,NA,NA,NA,NA,NA,NA,NA,207.65,NA,203.69,178.12
"2022-11-05",150.59412,NA,NA,NA,NA,NA,NA,NA,NA,NA,NA,NA,NA,NA,NA,138.02849,151.24136,166.93,NA,NA,149.99,NA,NA,NA
"2022-11-06",NA,NA,NA,NA,NA,NA,NA,NA,NA,NA,NA,NA,NA,NA,NA,NA,NA,NA,NA,NA,NA,NA,NA,142.57
"2022-11-07",143.5,131.1,120,120,140.9556,159,NA,NA,NA,NA,180.97,177.36,174.82,179.17,NA,213.14,NA,NA,NA,NA,NA,193.36,181,175
"2022-11-08",149.61,140.5,137.8,135.1,145.84,156.6,161.29,164,NA,163.5,158.79,158.72,153.95,156.46,161.99,NA,199.99,209.98701,199.33,194.0762,173.62641,160.5,157.15,155.26
"2022-11-09",167,159.13,155.6,153.8,151.2,170.6,211.32,234.18,242,233.25,209.02,211.67,200,209.02,221,244.49,265.11988,263.99,276.69935,NA,218.47,210,204.99,181.14439
"2022-11-10",214.23,211.76674,204.34,204.34,204.34,225.48,250,300,309.89,294.86,254.78,246.55,240.97,244.39,280,325.3,325.3,NA,326.1,309.89,257.79,238.47,232.02,224.47
"2022-11-11",211.64,174,170.40147,170.94989,174,190.4,231.11,241.86689,241.61,227.23,NA,NA,210,NA,NA,231.11,244.34,242.56988,240,231.41,219.91527,213.7,204.32686,168.02
"2022-11-12",177.6,150,130.00671,126.80137,129.44052,129.67825,169.64,182.27,193,190.01551,NA,183.2,180.03149,179.23,183.5,192.9,196.49,220,238,221,210.77,193,183.2,181.6
"2022-11-13",168.8,152.21333,143,142.4,142.4,143,155.26,155.21,155.96,157.39,156.48,157.85,159.65883,156.38,174.13599,182.16,192.1,NA,NA,NA,NA,NA,178.02,164.8
"2022-11-14",157.96,154.96,150,139.33,153.72,186,217.36324,241.31,251.59707,NA,NA,NA,203.07,205.57,207.32,244.91,267.62,300,NA,NA,NA,204.82686,203.34,195.84
"2022-11-15",194.99,188.96,179.68136,183,184.97749,209.26868,243.4,NA,297.66816,NA,NA,NA,246.74,248.86,254.46786,321.5481,340,340,317,299,257.05,243.4,241.15,219.27
"2022-11-16",210.2,186,173.89836,154.03594,174.23,214.1,275.97,291.65,306.71777,299.81,295.4,293.56,278.54,279.39,290,300,313,318.00948,307.4609,299,289.79,276.96,242.76883,187.43539
"2022-11-17",224.98,210.04651,206.94411,186.89552,207.32042,234.82,284.02,284.02,301,286,275.64,271.93,251.82,252.47,266.23179,274.91,286.4,291.2,NA,285.1,271.37,258.5,242,215.04779
"2022-11-18",216.73552,NA,NA,NA,NA,221.21,248.76135,285,NA,NA,NA,NA,NA,NA,NA,NA,NA,NA,NA,NA,NA,NA,NA,NA
"2022-11-19",195,209.91048,195.07573,168,164.03,168,215.6,234.06302,NA,240.64,NA,NA,NA,205.23,213.34,227.11,243.39,281.98,287.29,260.7,240,NA,NA,NA
"2022-11-20",NA,193.1,NA,181.45792,NA,NA,NA,194.19182,200.02714,215.02516,212.03367,217.99,210.05396,198.85,205.1521,224.6,NA,NA,NA,NA,NA,NA,NA,NA
"2022-11-21",NA,143.8693,153.83463,148.58258,NA,NA,268.52291,295.72,324.05023,NA,NA,NA,NA,NA,291.68671,303.19511,304.73,326.73,315.41,NA,NA,247.3,NA,NA
"2022-11-22",NA,157.21,NA,NA,NA,NA,NA,260.83,NA,NA,NA,NA,NA,NA,NA,NA,NA,NA,NA,NA,NA,NA,NA,NA
"2022-11-23",NA,NA,NA,NA,NA,NA,NA,267.33,NA,NA,NA,NA,NA,NA,NA,NA,287.5,303.41,309.74,309.74,283.78,267.25,254.1,245.86
"2022-11-24",262.49,NA,NA,NA,NA,261.77,NA,322.41,NA,NA,NA,NA,NA,NA,NA,NA,NA,365,370,370,329.3,307.2,296.8,277.65
"2022-11-25",259.17,256.76,246.28,239.3,242.65,250,284.05,NA,NA,NA,NA,NA,NA,NA,NA,NA,NA,NA,NA,NA,NA,NA,284.05,270.2
"2022-11-26",289.66,272.4,240,220.2,198.65,214.76427,260,272.75,293.2,297.85,290.3,267.84,249.99289,NA,NA,267.8,288.19539,315.9182,NA,NA,NA,255,220,173.68999
"2022-11-27",NA,NA,NA,NA,NA,NA,146,NA,NA,NA,NA,NA,NA,NA,NA,238.04974,268.61,270.39,281.35,288.2,285.26,277,268.63,242.72
"2022-11-28",255.2,245,236.38,226.1,236.38,259.92,289.99,335.88782,365.15,NA,NA,NA,NA,NA,NA,397.91356,407.3,415.57785,415.70447,428.45118,375,312,294.98,282.9
"2022-11-29",275.09,267.9,255.38,243.2,243,271.94,295.71,NA,NA,NA,NA,NA,NA,NA,NA,NA,460.04146,501.1,486.86463,463.82,400,334.9,297.65774,282.27
"2022-11-30",297.41,285.08213,276.11,260.63293,267.62548,290,NA,NA,NA,NA,NA,NA,NA,NA,NA,NA,NA,NA,NA,NA,NA,NA,NA,NA
"2022-12-01",292.01,NA,NA,NA,NA,NA,NA,NA,NA,NA,NA,NA,NA,NA,NA,NA,458.02718,484.06526,469.79059,457.88954,427.77032,379.49091,340.3,321
"2022-12-02",334.26,324.08,310.5,298.53258,300.72006,318.81,366.02,NA,NA,NA,NA,NA,NA,NA,NA,NA,NA,NA,NA,NA,NA,354.68,353.45132,334
"2022-12-03",311.24,293.7,287.47306,279,258.3,270,293.7,NA,NA,NA,NA,NA,NA,NA,NA,NA,NA,NA,NA,331,311,301,NA,NA
"2022-12-04",302.08,293.86,287.54871,257,235.98415,230.51474,237,289,289,NA,NA,NA,NA,NA,NA,308.24,325.05976,370.1,400,392.4,375,313.23,308.32,302.29621
"2022-12-05",293.51,295.01049,295.8,268.59984,290,290.9,329.72116,NA,NA,NA,NA,NA,NA,NA,NA,NA,NA,444.97829,455.21433,440.5,393.73141,333.11397,324.56,310.62
"2022-12-06",317.02,NA,NA,NA,287.37723,309.23481,NA,NA,NA,NA,NA,NA,NA,NA,NA,NA,NA,NA,488,458.3,423,349.65715,342,330
"2022-12-07",311.4,305.28,298.95,296.82,288.03,306.19,NA,NA,NA,NA,NA,NA,NA,NA,NA,NA,NA,NA,487.11,468.21371,420.0984,NA,NA,NA
"2022-12-08",342.29,NA,322.35,304.66,296.35,304.8,NA,354.92,359.71,NA,NA,NA,NA,NA,NA,NA,NA,NA,NA,NA,NA,NA,NA,NA
"2022-12-09",NA,NA,NA,NA,NA,NA,NA,NA,NA,NA,NA,NA,NA,NA,NA,NA,NA,NA,NA,NA,NA,NA,NA,NA
"2022-12-10",NA,NA,NA,NA,NA,NA,NA,NA,350,NA,NA,NA,NA,NA,NA,NA,NA,NA,NA,NA,NA,NA,NA,NA
"2022-12-11",NA,NA,NA,NA,NA,NA,NA,NA,NA,NA,NA,NA,NA,NA,NA,NA,NA,NA,NA,NA,NA,NA,NA,NA
"2022-12-12",NA,305.83,303.18,297.12,303.49,319.37793,NA,NA,NA,NA,NA,NA,NA,NA,NA,NA,NA,NA,NA,NA,NA,NA,NA,NA
"2022-12-13",313.13,NA,NA,NA,NA,NA,NA,NA,NA,NA,NA,NA,NA,NA,NA,NA,NA,NA,NA,NA,NA,NA,NA,NA
"2022-12-14",NA,NA,NA,NA,NA,NA,NA,NA,NA,NA,NA,NA,NA,NA,NA,NA,NA,NA,NA,NA,NA,NA,NA,NA
"2022-12-15",NA,NA,NA,276.96,274.14312,292.13998,NA,NA,NA,NA,NA,NA,NA,NA,NA,NA,NA,NA,NA,NA,NA,NA,NA,NA
"2022-12-16",NA,NA,NA,NA,NA,NA,NA,NA,NA,NA,NA,NA,NA,NA,NA,NA,NA,505,489.99,467.78042,408.76843,339.57,317.0377,305.4
"2022-12-17",NA,NA,NA,NA,NA,NA,258.08,280,292.33,299.81,NA,NA,270.06554,259.1488,268.99021,283.5,305.13,335.42,335.42,330,305.32,287.5,280,273.86
"2022-12-18",260.59538,264,260.5,258.3,219,215,218.9,250,250,255.8,229.5,255,NA,224.43,229.5,239.8567,260.5,263.2,280.52,286.6946,294.05,263.2,252.34,142.64646
"2022-12-19",160.91,115.83208,94.83203,77.23789,77.46635,111.55,270.04,277.99,298,NA,NA,NA,NA,NA,277.99,NA,296,298.6,297.15,298,281.2,270.04,259.99,207.23289
"2022-12-20",240.44,219.22,215.05,207.5,215.05,231.9,262.12,279.36,324.36,314.04,NA,NA,NA,NA,NA,304.8,314.37,321.25,314.69,308.84,277.07,263.16,254.71,242.55
"2022-12-21",231.81,205.93,181.54,167.92808,176,215.17,243.89,269.14,295.14,NA,NA,NA,NA,NA,NA,273.11,315.14,331.31,284.49,290.58,269.91,261.8,250,242.65
"2022-12-22",229.5,211.3,203.1,199,200.3,229.02,243.68,265.35,280.94,262.32,247.99,NA,234.33,234.3,241,252.01,262.58,286.27,258.81,258.06,249.42,234.33,229.41,212.46
"2022-12-23",187.5,164.1,146.38945,137.86925,141.00357,148.55,212.5,234.8,235.71264,231.03143,225.09029,NA,NA,NA,NA,228.63,240.69,259.96,241.46,234.45,217.08,213.9,189.99,149.09
"2022-12-24",96,50.4,50,32.52218,36,48.48015,57.52778,145.7,180,192,154.5,147.32208,142.09652,143.57197,151.03314,172.04,200.51,222,222,223.4,215,194.58,172.74,160
"2022-12-25",196.4,189,170,126.75,85.69602,155,150,129.14,139.56,180.13,154.92,140,124.5,95.59526,151.03,203.87899,214.98,211.75,218.32,218.74,218.32,207.8,195.65,111
"2022-12-26",197.45,75,30.2,21.30374,17.89869,23.5,198.29,212.32,209.85535,212.32,201.86,198.42,199.63,197.05,201.1,213.51,222.17,237.88225,230.94661,259,226.62,216.79,199.67,132.55584
"2022-12-27",197.35,91,80.02,62.08579,63.2,85,205.81,225.57,240.73,NA,NA,NA,200,200.2,215.07,240.44956,320,350,325,330,280,225.57,205.95,200.2
"2022-12-28",180.8,63.78,46.99,40,43.99,69.06998,204.66,213.15,216.7,209.89,202.44,189,177.87,177.5,200.56,209.14,224.08,250,248.07,239.15,219.64,206.5,201.83,184.19
"2022-12-29",198.41,186,147,113.74,119,186,198.41,255.19,260,255.19,207.82,197.32,189.27,187.17,195.01,215.2,260,275,259.99,259.99,218.06,198.41,188.57,159
"2022-12-30",153.41,154,114.52,105,109,130,171.87,207.65,211.14,210,199.01,195.33,172.86,130,195.33,202.15,210,222.95,219.28,229.64,210.94,203.67,197.44,153
"2022-12-31",189.2,160,157,186,189.2,189.2,189,209.36,235,213.36,194.12,189.2,187.59,187.19,196.07,235,280.52,333,333,333,310,270,217.78,200
